{"chunk_definitions":[{"row":17,"row_count":1,"visible":true,"expansion_state":0,"options":{"engine":"r","label":"setup","include":false},"document_id":"9F965981","chunk_id":"csetup_chunk","chunk_label":"setup"},{"row":18,"row_count":1,"visible":true,"expansion_state":0,"options":{"engine":"r","label":"setup","include":false},"document_id":"9F965981","chunk_id":"csetup_chunk","chunk_label":"setup"},{"row":37,"row_count":1,"visible":true,"expansion_state":0,"options":{"engine":"r","label":"dataset","include":false},"document_id":"9F965981","chunk_id":"chn9aamubaeic","chunk_label":"dataset"},{"row":38,"row_count":1,"visible":true,"expansion_state":0,"options":{"engine":"r","label":"dataset","include":false},"document_id":"9F965981","chunk_id":"cs8lsuk9dkrqg","chunk_label":"dataset"},{"row":67,"row_count":1,"visible":true,"expansion_state":1,"options":{"engine":"r","label":"q1"},"document_id":"9F965981","chunk_id":"cojmni9rf2xrp","chunk_label":"q1"},{"row":82,"row_count":1,"visible":true,"expansion_state":1,"options":{"engine":"r","label":"unnamed-chunk-9"},"document_id":"9F965981","chunk_id":"cxtdepin7n6eb","chunk_label":"unnamed-chunk-1"},{"row":100,"row_count":1,"visible":true,"expansion_state":0,"options":{"engine":"r","label":"q3 part 1"},"document_id":"9F965981","chunk_id":"c0hcsylncj0zp","chunk_label":"q3 part 1"},{"row":114,"row_count":1,"visible":true,"expansion_state":1,"options":{"engine":"r","label":"q3 part 2"},"document_id":"9F965981","chunk_id":"cm4gdikgj2cmf","chunk_label":"q3 part 2"},{"row":186,"row_count":1,"visible":true,"expansion_state":1,"options":{"engine":"r","label":"q4"},"document_id":"9F965981","chunk_id":"cahmdfbmhlnx2","chunk_label":"q4"},{"row":192,"row_count":1,"visible":true,"expansion_state":0,"options":{"engine":"r","label":"q4 part 2"},"document_id":"9F965981","chunk_id":"crj6pdo9r95g6","chunk_label":"q4 part 2"},{"row":208,"row_count":1,"visible":true,"expansion_state":0,"options":{"engine":"r","label":"q4 part 3"},"document_id":"9F965981","chunk_id":"caa8ti0tfnliu","chunk_label":"q4 part 3"},{"row":214,"row_count":1,"visible":true,"expansion_state":0,"options":{"engine":"r","label":"q4 part 4"},"document_id":"9F965981","chunk_id":"cf357265tuxc9","chunk_label":"q4 part 4"},{"row":218,"row_count":1,"visible":true,"expansion_state":0,"options":{"engine":"r","label":"q4 part 5"},"document_id":"9F965981","chunk_id":"cjhm8gtuf3ovp","chunk_label":"q4 part 5"},{"row":226,"row_count":1,"visible":true,"expansion_state":0,"options":{"engine":"r","label":"q4 part 5 models"},"document_id":"9F965981","chunk_id":"cxpjvkxxh3pqy","chunk_label":"q4 part 5 models"},{"row":235,"row_count":1,"visible":true,"expansion_state":0,"options":{},"document_id":"9F965981","chunk_id":"cwqmibeej56c9","chunk_label":"q5"},{"row":244,"row_count":1,"visible":true,"expansion_state":0,"options":{},"document_id":"9F965981","chunk_id":"cjm0rxw5lq5a2","chunk_label":"q6"},{"row":262,"row_count":1,"visible":true,"expansion_state":0,"options":{},"document_id":"9F965981","chunk_id":"c43q9mq8qy8xh","chunk_label":"q7"}],"doc_write_time":1670376445,"working_dir":null,"default_chunk_options":{"echo":true},"chunk_rendered_width":700}