{"chunk_definitions":[{"row":20,"row_count":1,"visible":true,"expansion_state":0,"options":{"engine":"r","label":"setup","include":false},"document_id":"9F965981","chunk_id":"csetup_chunk","chunk_label":"setup"},{"row":21,"row_count":1,"visible":true,"expansion_state":0,"options":{"engine":"r","label":"setup","include":false},"document_id":"9F965981","chunk_id":"csetup_chunk","chunk_label":"setup"},{"row":40,"row_count":1,"visible":true,"expansion_state":0,"options":{"engine":"r","label":"dataset","include":false},"document_id":"9F965981","chunk_id":"chn9aamubaeic","chunk_label":"dataset"},{"row":41,"row_count":1,"visible":true,"expansion_state":0,"options":{"engine":"r","label":"dataset","include":false},"document_id":"9F965981","chunk_id":"cs8lsuk9dkrqg","chunk_label":"dataset"},{"row":71,"row_count":1,"visible":true,"expansion_state":0,"options":{"engine":"r","label":"q1"},"document_id":"9F965981","chunk_id":"cojmni9rf2xrp","chunk_label":"q1"},{"row":86,"row_count":1,"visible":true,"expansion_state":0,"options":{"engine":"r","label":"unnamed-chunk-12"},"document_id":"9F965981","chunk_id":"cxtdepin7n6eb","chunk_label":"unnamed-chunk-1"},{"row":104,"row_count":1,"visible":true,"expansion_state":0,"options":{"engine":"r","label":"q3 part 1"},"document_id":"9F965981","chunk_id":"c0hcsylncj0zp","chunk_label":"q3 part 1"},{"row":181,"row_count":1,"visible":true,"expansion_state":1,"options":{"engine":"r","label":"q4"},"document_id":"9F965981","chunk_id":"cahmdfbmhlnx2","chunk_label":"q4"},{"row":297,"row_count":1,"visible":true,"expansion_state":0,"options":{"engine":"r","label":"q5"},"document_id":"9F965981","chunk_id":"cm6jmuammniqk","chunk_label":"q5"},{"row":313,"row_count":1,"visible":true,"expansion_state":0,"options":{},"document_id":"9F965981","chunk_id":"cp6ykkeftf4ix","chunk_label":"q6"},{"row":331,"row_count":1,"visible":true,"expansion_state":0,"options":{},"document_id":"9F965981","chunk_id":"c9pskodlr386h","chunk_label":"q7"}],"doc_write_time":1670548837,"working_dir":null,"default_chunk_options":{"echo":true},"chunk_rendered_width":700}