{"chunk_definitions":[{"row":18,"row_count":1,"visible":true,"expansion_state":0,"options":{"engine":"r","label":"setup","include":false},"document_id":"9F965981","chunk_id":"csetup_chunk","chunk_label":"setup"},{"row":38,"row_count":1,"visible":true,"expansion_state":0,"options":{"engine":"r","label":"dataset","include":false},"document_id":"9F965981","chunk_id":"chn9aamubaeic","chunk_label":"dataset"},{"row":71,"row_count":1,"visible":true,"expansion_state":0,"options":{"engine":"r","label":"q1"},"document_id":"9F965981","chunk_id":"cqwv66m9hf7v0","chunk_label":"q1"},{"row":86,"row_count":1,"visible":true,"expansion_state":0,"options":{"engine":"r","label":"unnamed-chunk-9"},"document_id":"9F965981","chunk_id":"cq3um67aur6kw","chunk_label":"unnamed-chunk-1"},{"row":100,"row_count":1,"visible":true,"expansion_state":0,"options":{"engine":"r","label":"q3 part 1"},"document_id":"9F965981","chunk_id":"cke54tqp0ed3o","chunk_label":"q3 part 1"},{"row":115,"row_count":1,"visible":true,"expansion_state":0,"options":{"engine":"r","label":"q3 part 2"},"document_id":"9F965981","chunk_id":"cysfkxa4mhrkc","chunk_label":"q3 part 2"},{"row":129,"row_count":1,"visible":true,"expansion_state":0,"options":{"engine":"r","label":"q4"},"document_id":"9F965981","chunk_id":"cl5rkjyl2bza8","chunk_label":"q4"},{"row":139,"row_count":1,"visible":true,"expansion_state":0,"options":{},"document_id":"9F965981","chunk_id":"cpxl0l7stq75u","chunk_label":"q5"},{"row":148,"row_count":1,"visible":true,"expansion_state":0,"options":{},"document_id":"9F965981","chunk_id":"csssbno6m6gx7","chunk_label":"q6"},{"row":166,"row_count":1,"visible":true,"expansion_state":0,"options":{},"document_id":"9F965981","chunk_id":"c6flng1c0khss","chunk_label":"q7"}],"doc_write_time":1670214424,"working_dir":null,"default_chunk_options":{"echo":true},"chunk_rendered_width":700}