{"chunk_definitions":[{"row":17,"row_count":1,"visible":true,"expansion_state":0,"options":{"engine":"r","label":"setup","include":false},"document_id":"9F965981","chunk_id":"csetup_chunk","chunk_label":"setup"},{"row":18,"row_count":1,"visible":true,"expansion_state":0,"options":{"engine":"r","label":"setup","include":false},"document_id":"9F965981","chunk_id":"csetup_chunk","chunk_label":"setup"},{"row":37,"row_count":1,"visible":true,"expansion_state":0,"options":{"engine":"r","label":"dataset","include":false},"document_id":"9F965981","chunk_id":"chn9aamubaeic","chunk_label":"dataset"},{"row":38,"row_count":1,"visible":true,"expansion_state":0,"options":{"engine":"r","label":"dataset","include":false},"document_id":"9F965981","chunk_id":"cs8lsuk9dkrqg","chunk_label":"dataset"},{"row":68,"row_count":1,"visible":true,"expansion_state":0,"options":{"engine":"r","label":"q1"},"document_id":"9F965981","chunk_id":"cojmni9rf2xrp","chunk_label":"q1"},{"row":83,"row_count":1,"visible":true,"expansion_state":0,"options":{"engine":"r","label":"unnamed-chunk-2"},"document_id":"9F965981","chunk_id":"cxtdepin7n6eb","chunk_label":"unnamed-chunk-1"},{"row":101,"row_count":1,"visible":true,"expansion_state":0,"options":{"engine":"r","label":"q3 part 1"},"document_id":"9F965981","chunk_id":"c0hcsylncj0zp","chunk_label":"q3 part 1"},{"row":119,"row_count":1,"visible":true,"expansion_state":0,"options":{"engine":"r","label":"q3 part 2"},"document_id":"9F965981","chunk_id":"cm4gdikgj2cmf","chunk_label":"q3 part 2"},{"row":216,"row_count":1,"visible":true,"expansion_state":0,"options":{"engine":"r","label":"q4"},"document_id":"9F965981","chunk_id":"cahmdfbmhlnx2","chunk_label":"q4"}],"doc_write_time":1670432738,"working_dir":null,"default_chunk_options":{"echo":true},"chunk_rendered_width":700}