"0","testing_set$lnCharges <- log(testing_set$Charges)"
"0","testing_set$lnAge <- log(testing_set$Age)"
"0","testing_set$AgeSquared <- testing_set$Age^2"
"0",""
"0","testing_set$BMISquared <- testing_set$BMI^2"
"0","testing_set$lnBMI <- log(testing_set$BMI)"
"0",""
"0","testing_set$base_model_pred <- predict(model_1, newdata = testing_set)"
"0",""
"0","testing_set$model_lnAge_pred <- predict(model_lnAge, newdata = testing_set) %>% exp()"
"0",""
"0","testing_set$model_lnBMI_pred <- predict(model_lnBMI, newdata = testing_set) %>% exp()"
"0",""
"0","testing_set$model_AgeSquared_pred <- predict(model_AgeSquared,newdata = testing_set) %>% exp()"
"0",""
"0","testing_set$model_BMISquared_pred <- predict(model_BMISquared,newdata = testing_set) %>% exp()"
"0",""
"0","testing_set$model_lnAll_pred <- predict(model_lnAll,newdata = testing_set) %>% exp()"
"0",""
"0",""
"0",""
"0","testing_set$error_bm <- testing_set$base_model_pred - testing_set$Charges"
"0",""
"0","testing_set$error_1 <- testing_set$model_lnAge_pred - testing_set$Charges"
"0",""
"0","testing_set$error_2 <- testing_set$model_lnBMI_pred - testing_set$Charges"
"0",""
"0","testing_set$error_3 <- testing_set$model_AgeSquared_pred - testing_set$Charges"
"0",""
"0","testing_set$error_4 <- testing_set$model_BMISquared_pred - testing_set$Charges"
"0",""
"0","testing_set$error_5 <- testing_set$model_lnAll_pred - testing_set$Charges"
"0",""
"0","# No Transformations"
"0","mean(testing_set$error_bm)"
"1","[1]"
"1"," 6039.355"
"1","
"
"0","# Log of Charges and Log of Age"
"0","mean(testing_set$error_1)"
"1","[1]"
"1"," 14770.93"
"1","
"
"0","#Log of Charges and Log of BMI"
"0","mean(testing_set$error_2)"
"1","[1]"
"1"," 23774.04"
"1","
"
"0","#Log of Charges, Age, Age^2"
"0","mean(testing_set$error_3)"
"1","[1]"
"1"," 16800.6"
"1","
"
"0","#Log of Charges, BMI, BMI^2"
"0","mean(testing_set$error_4)"
"1","[1]"
"1"," 22159.62"
"1","
"
"0","#Log of Charges, Log of Age, Log of BMI"
"0","mean(testing_set$error_5)"
"1","[1]"
"1"," 15173.3"
"1","
"
"0","mae <- function(error_vector){"
"0","  error_vector %>% "
"0","  abs() %>% "
"0","  mean()"
"0","}"
"0",""
"0","# No Transformations"
"0","mae(testing_set$error_bm)"
"1","[1]"
"1"," 6039.355"
"1","
"
"0","# Log of Charges and Log of Age"
"0","mae(testing_set$error_1)"
"1","[1]"
"1"," 15402.4"
"1","
"
"0","#Log of Charges and Log of BMI"
"0","mae(testing_set$error_2)"
"1","[1]"
"1"," 24448.5"
"1","
"
"0","#Log of Charges, Age, Age^2"
"0","mae(testing_set$error_3)"
"1","[1]"
"1"," 17434.38"
"1","
"
"0","#Log of Charges, BMI, BMI^2"
"0","mae(testing_set$error_4)"
"1","[1]"
"1"," 22757.26"
"1","
"
"0","#Log of Charges, Log of Age, Log of BMI"
"0","mae(testing_set$error_5)"
"1","[1]"
"1"," 15626.1"
"1","
"
"0","rmse <- function(error_vector){"
"0","   error_vector^2 %>% "
"0","  mean() %>% "
"0","  sqrt()"
"0",""
"0","}"
"0",""
"0","# No Transformations"
"0","rmse(testing_set$error_bm)"
"1","[1]"
"1"," 8724.774"
"1","
"
"0","# Log of Charges and Log of Age"
"0","rmse(testing_set$error_1)"
"1","[1]"
"1"," 26053.55"
"1","
"
"0","#Log of Charges and Log of BMI"
"0","rmse(testing_set$error_2)"
"1","[1]"
"1"," 41682.82"
"1","
"
"0","#Log of Charges, Age, Age^2"
"0","rmse(testing_set$error_3)"
"1","[1]"
"1"," 29443.97"
"1","
"
"0","#Log of Charges, BMI, BMI^2"
"0","rmse(testing_set$error_4)"
"1","[1]"
"1"," 38778.33"
"1","
"
"0","#Log of Charges, Log of Age, Log of BMI"
"0","rmse(testing_set$error_5)"
"1","[1]"
"1"," 26593.68"
"1","
"
"0","mape <- function(error_vector, actual_vector){"
"0","  (error_vector/actual_vector) %>% "
"0","    abs() %>% "
"0","    mean()"
"0","}"
"0",""
"0","# No Transformations"
"0","mape(testing_set$error_bm, testing_set$Charges)"
"1","[1]"
"1"," 0.4551515"
"1","
"
"0","# Log of Charges and Log of Age"
"0","mape(testing_set$error_1, testing_set$Charges)"
"1","[1]"
"1"," 0.609521"
"1","
"
"0","#Log of Charges and Log of BMI"
"0","mape(testing_set$error_2, testing_set$Charges)"
"1","[1]"
"1"," 0.9434627"
"1","
"
"0","#Log of Charges, Age, Age^2"
"0","mape(testing_set$error_3, testing_set$Charges)"
"1","[1]"
"1"," 0.7158938"
"1","
"
"0","#Log of Charges, BMI, BMI^2"
"0","mape(testing_set$error_4, testing_set$Charges)"
"1","[1]"
"1"," 0.8887885"
"1","
"
"0","#Log of Charges, Log of Age, Log of BMI"
"0","mape(testing_set$error_5, testing_set$Charges)"
"1","[1]"
"1"," 0.6110568"
"1","
"
